{"A": "gesture_images/A.PNG", "B": "gesture_images/B.PNG", "C": "gesture_images/C.PNG", "D": "gesture_images/D.PNG", "E": "gesture_images/E.PNG", "F": "gesture_images/F.PNG", "G": "gesture_images/G.PNG", "H": "gesture_images/H.PNG", "I": "gesture_images/I.PNG", "J": "gesture_images/J.PNG", "K": "gesture_images/K.PNG", "L": "gesture_images/L.PNG", "M": "gesture_images/M.PNG", "N": "gesture_images/N.PNG", "O": "gesture_images/O.PNG", "P": "gesture_images/P.PNG", "Q": "gesture_images/Q.PNG", "R": "gesture_images/R.PNG", "S": "gesture_images/S.PNG", "T": "gesture_images/T.PNG", "U": "gesture_images/U.PNG", "V": "gesture_images/V.PNG", "W": "gesture_images/W.PNG", "X": "gesture_images/X.PNG", "Y": "gesture_images/Y.PNG"}